[
    {
        "name": "Hire On",
        "slug": "hire-on",
        "images": "https://www.svgrepo.com/show/223886/human-resources-hiring.svg",
        "page_title": "Hire On Services",
        "page_content": "Instead of purchasing an item or service outright, individuals or businesses can rent or lease it for a specified period in (City). Our platform offers a vast array of services that includes Rental cars, Motorcycles, Bicycles, and more in (City). Real estate properties, such as apartments, houses, vacation homes, or commercial spaces. Businesses that provide items for parties and events, such as tents, tables, chairs, linens, sound systems, and decorations which are commonly used for weddings, corporate events, and social gatherings. Moreover, it includes renting tools, machinery, construction equipment, audio-visual equipment, camping gear, and more.",
        "status": ""
    },
    {
        "name": "Daily Need",
        "page_title": "Daily Needs Services",
        "page_content": "Daily need services are essential businesses that cater everyday requirements of individuals and households. These services encompass a wide range of offerings, including grocery stores, Pharmacies, Bakeries, Laundry services, Hair salons, Beauty Parlors, Tutoring Services, Fitness Studios, sports centers, and Pet care services in (City).",
        "img": "https://www.svgrepo.com/show/302615/calendar.svg"
    },
    {
        "name": "Personal Care",
        "page_title": "Personal Care Services",
        "page_content": "Personal care services are establish for enhancing people's self-esteem, promoting relaxation, and addressing various grooming and health needs.Some common personal care businesses and services include: Hair Salons, Spas and Wellness Centers, Beauty Salons, Skin Care Clinics, Dental Care and Massage Therapy Studios in (City).",
        "img": "https://www.svgrepo.com/show/530387/personal-account-account.svg"
    },
    {
        "name": "Medical",
        "page_title": "Medical & Healthcare Services",
        "page_content": "The medical category encompasses a broad range of services, facilities, and professionals dedicated to promoting and maintaining health, diagnosing and treating illnesses, and improving the overall well-being of individuals. Our platform offers a vast array of professionals and medical institutions that includes Hospitals, Clinics, Pharmacies, Ambulance Services, Medical labs and more in (City).",
        "img": "https://www.svgrepo.com/show/284234/medical-history-doctor.svg"
    },
    {
        "name": "Education",
        "page_title": "Education Institutions",
        "page_content": "Education category encompass a wide range of schools, colleges, universities, coaching institutes and other educational stakeholders in (City).",
        "img": "https://www.svgrepo.com/show/331258/education.svg"
    },
    {
        "name": "House Hold",
        "page_title": "House Holds Services",
        "page_content": "Looking for professionals or companies to perform various tasks and responsibilities related to maintaining and managing their homes. Here are some common household service categories: Cleaning Services, Home Maintenance and Repair, Pest Control, Moving and Relocation Services, Home Security, and more in (City).",
        "img": "https://www.svgrepo.com/show/492812/moving-house-male.svg"
    },
    {
        "name": "Public Services",
        "page_title": "Public Services",
        "page_content": "These offices are responsible for smooth operation of government policies and programs. It includes Government Administrative services, Law Enforcement services and other Public Utility services.",
        "img": "https://www.svgrepo.com/show/505187/public-security-bureau.svg"
    },
    {
        "name": "Marriage",
        "page_title": "Marriage Services",
        "page_content": "Are you dreaming of a flawless wedding day, where every detail is meticulously planned and executed to perfection? your trusted partner in turning your dream wedding into a reality. From finding the ideal venue to selecting the best caterers, photographers, decorators, and other essential vendors in (City).",
        "img": "https://www.svgrepo.com/show/419210/heart-love-marriage-7.svg"
    },
    {
        "name": "Sports Hobbies",
        "page_title": "Hire On Services In (City) 9",
        "page_content": "Whether you're a seasoned athlete or a beginner looking to explore a new hobby, we've best Personal Trainer, Fitness Instructor, Music Teacher and other professionals with us in (City).",
        "img": "https://www.svgrepo.com/show/474995/sports-mode.svg"
    },
    {
        "name": "Internet",
        "page_title": "Internet Services",
        "page_content": "Looking for Internet related services vendors in (city) catering to the diverse needs of their customers. We've facilitator connected with us for the different services.",
        "img": "https://www.svgrepo.com/show/475516/internet-cafe.svg"
    },
    {
        "name": "Restaurant",
        "page_title": "Restaurants",
        "page_content": "Looking for a specialized restaurant in (city) from specific countries or regions, such as Italian, Chinese, Indian, Mexican, Thai, etc. We've all types of restaurants listed for different customer tastes.",
        "img": "https://www.svgrepo.com/show/265700/restaurant-food-and-restaurant.svg"
    },
    {
        "name": "Electronic Store",
        "page_title": "Electronic Appliances Store",
        "page_content": "We've sevral day to day hiring services to serve your needs. 12",
        "img": "https://www.svgrepo.com/show/526872/cart-large.svg"
    }
]