[
    {
        "name": "Car Rental",
        "category": "Hire On",
        "page_title": "Top Car Rental Services",
        "page_content": "Car rental services have revolutionized the way people travel, providing a flexible"
    },
    {
        "name": "Bike Rental",
        "category": "Hire On",
        "page_title": "Top Bike Rental Services",
        "page_content": "Car rental services have revolutionized the way people travel, providing a flexible"
    },
    {
        "name": "AC On Rent",
        "category": "Hire On",
        "page_title": "Air Conditioner On Rent",
        "page_content": "Car rental services have revolutionized the way people travel, providing a flexible"
    },
    {
        "name": "Furniture On Rent",
        "category": "Hire On",
        "page_title": "Furniture On Rent",
        "page_content": "Car rental services have revolutionized the way people travel, providing a flexible"
    },
    {
        "name": "Refrigerator On Rent",
        "category": "Hire On",
        "page_title": "Refrigerator On Rent",
        "page_content": "Car rental services have revolutionized the way people travel, providing a flexible"
    },
    {
        "name": "LED TV On Rent",
        "category": "Hire On",
        "page_title": "LED TV On Rent",
        "page_content": "Car rental services have revolutionized the way people travel, providing a flexible"
    },
    {
        "name": "Room On Rent",
        "category": "Hire On",
        "page_title": "Room On Rent",
        "page_content": "Car rental services have revolutionized the way people travel, providing a flexible"
    },
    {
        "name": "Plumber",
        "category": "Daily Need",
        "page_title": "Plumber",
        "page_content": "Car rental services have revolutionized the way people travel, providing a flexible"
    },
    {
        "name": "Electricians",
        "category": "Daily Need",
        "page_title": "Electricians",
        "page_content": "Car rental services have revolutionized the way people travel, providing a flexible"
    },
    {
        "name": "Carpenters",
        "category": "Daily Need",
        "page_title": "Carpenters",
        "page_content": "Car rental services have revolutionized the way people travel, providing a flexible"
    },
    {
        "name": "Accountant",
        "category": "Daily Need",
        "page_title": "Accountant.",
        "page_content": "Car rental services have revolutionized the way people travel, providing a flexible"
    },
    {
        "name": "Beauty Parlour",
        "category": "Personal Care",
        "page_title": "Beauty Parlour",
        "page_content": "Car rental services have revolutionized the way people travel, providing a flexible"
    },
    {
        "name": "Salons",
        "category": "Personal Care",
        "page_title": "Salons",
        "page_content": "Car rental services have revolutionized the way people travel, providing a flexible"
    },
    {
        "name": "Beauty Spas",
        "category": "Personal Care",
        "page_title": "Beauty Spas",
        "page_content": "Car rental services have revolutionized the way people travel, providing a flexible"
    },
    {
        "name": "Doctors",
        "category": "Medical",
        "page_title": "Doctors",
        "page_content": "Car rental services have revolutionized the way people travel, providing a flexible"
    },
    {
        "name": "Hospitals",
        "category": "Medical",
        "page_title": "Hospitals",
        "page_content": "Car rental services have revolutionized the way people travel, providing a flexible"
    },
    {
        "name": "Chemists",
        "category": "Medical",
        "page_title": "Chemists",
        "page_content": "Car rental services have revolutionized the way people travel, providing a flexible"
    },
    {
        "name": "Schools",
        "category": "Education",
        "page_title": "Schools",
        "page_content": "Car rental services have revolutionized the way people travel, providing a flexible"
    },
    {
        "name": "Colleges",
        "category": "Education",
        "page_title": "Colleges",
        "page_content": "Car rental services have revolutionized the way people travel, providing a flexible"
    },
    {
        "name": "Universities",
        "category": "Education",
        "page_title": "Universities",
        "page_content": "Car rental services have revolutionized the way people travel, providing a flexible"
    },
    {
        "name": "Cooks",
        "category": "House Hold",
        "page_title": "Cooks",
        "page_content": "Car rental services have revolutionized the way people travel, providing a flexible"
    },
    {
        "name": "Maids",
        "category": "House Hold",
        "page_title": "Maids",
        "page_content": "Car rental services have revolutionized the way people travel, providing a flexible"
    },
    {
        "name": "Banks",
        "category": "Public Services",
        "page_title": "Banks",
        "page_content": "Car rental services have revolutionized the way people travel, providing a flexible"
    },
    {
        "name": "Police Stations",
        "category": "Public Services",
        "page_title": "Police Stations",
        "page_content": "Car rental services have revolutionized the way people travel, providing a flexible"
    },
    {
        "name": "Railway Station",
        "category": "Public Services",
        "page_title": "Railway Station",
        "page_content": "Car rental services have revolutionized the way people travel, providing a flexible"
    },
    {
        "name": "Bus Stop",
        "category": "Public Services",
        "page_title": "Bus Stop",
        "page_content": "Car rental services have revolutionized the way people travel, providing a flexible"
    },
    {
        "name": "Post Office",
        "category": "Public Services",
        "page_title": "Post Office",
        "page_content": "Car rental services have revolutionized the way people travel, providing a flexible"
    },
    {
        "name": "Jail",
        "category": "Public Services",
        "page_title": "Jail",
        "page_content": "Car rental services have revolutionized the way people travel, providing a flexible"
    },
    {
        "name": "Banquet Halls",
        "category": "Marriage",
        "page_title": "Banquet Halls",
        "page_content": "Car rental services have revolutionized the way people travel, providing a flexible"
    },
    {
        "name": "Photographers",
        "category": "Marriage",
        "page_title": "Banquet Halls",
        "page_content": "Car rental services have revolutionized the way people travel, providing a flexible"
    },
    {
        "name": "DJ Sound",
        "category": "Marriage",
        "page_title": "DJ Sound",
        "page_content": "Car rental services have revolutionized the way people travel, providing a flexible"
    },
    {
        "name": "Dance Coaching Classes",
        "category": "Sports Hobbies",
        "page_title": "Dance Coaching Classes",
        "page_content": "Car rental services have revolutionized the way people travel, providing a flexible"
    },
    {
        "name": "Music Coaching Classes",
        "category": "Sports Hobbies",
        "page_title": "Music Coaching Classes",
        "page_content": "Car rental services have revolutionized the way people travel, providing a flexible"
    },
    {
        "name": "Yoga Coaching Classes",
        "category": "Sports Hobbies",
        "page_title": "Yoga Coaching Classes",
        "page_content": "Car rental services have revolutionized the way people travel, providing a flexible"
    },
    {
        "name": "Tennis Coaching Classes",
        "category": "Sports Hobbies",
        "page_title": "Tennis Coaching Classes",
        "page_content": "Car rental services have revolutionized the way people travel, providing a flexible"
    },
    {
        "name": "Cricket Coaching Classes",
        "category": "Sports Hobbies",
        "page_title": "Cricket Coaching Classes",
        "page_content": "Car rental services have revolutionized the way people travel, providing a flexible"
    },
    {
        "name": "Swimming Coaching Classes",
        "category": "Sports Hobbies",
        "page_title": "Swimming Coaching Classes",
        "page_content": "Car rental services have revolutionized the way people travel, providing a flexible"
    },
    {
        "name": "Badminton Coaching Classes",
        "category": "Sports Hobbies",
        "page_title": "Badminton Coaching Classes",
        "page_content": "Car rental services have revolutionized the way people travel, providing a flexible"
    },
    {
        "name": "Football Coaching Classes",
        "category": "Sports Hobbies",
        "page_title": "Football Coaching Classes",
        "page_content": "Car rental services have revolutionized the way people travel, providing a flexible"
    },
    {
        "name": "Shooting Coaching Classes",
        "category": "Sports Hobbies",
        "page_title": "Shooting Coaching Classes",
        "page_content": "Car rental services have revolutionized the way people travel, providing a flexible"
    },
    {
        "name": "Archery Coaching Classes",
        "category": "Sports Hobbies",
        "page_title": "Archery Coaching Classes",
        "page_content": "Car rental services have revolutionized the way people travel, providing a flexible"
    },
    {
        "name": "Skating Coaching Classes",
        "category": "Sports Hobbies",
        "page_title": "Skating Coaching Classes",
        "page_content": "Car rental services have revolutionized the way people travel, providing a flexible"
    },
    {
        "name": "Snooker Coaching Classes",
        "category": "Sports Hobbies",
        "page_title": "Snooker Coaching Classes",
        "page_content": "Car rental services have revolutionized the way people travel, providing a flexible"
    },
    {
        "name": "Hockey Coaching Classes",
        "category": "Sports Hobbies",
        "page_title": "Hockey Coaching Classes",
        "page_content": "Car rental services have revolutionized the way people travel, providing a flexible"
    },
    {
        "name": "Baseball Coaching Classes",
        "category": "Sports Hobbies",
        "page_title": "Baseball Coaching Classes",
        "page_content": "Car rental services have revolutionized the way people travel, providing a flexible"
    },
    {
        "name": "Golf Coaching Classes",
        "category": "Sports Hobbies",
        "page_title": "Golf Coaching Classes",
        "page_content": "Car rental services have revolutionized the way people travel, providing a flexible"
    },
    {
        "name": "Basket Ball Coaching Classes",
        "category": "Sports Hobbies",
        "page_title": "Basket Ball Coaching Classes",
        "page_content": "Car rental services have revolutionized the way people travel, providing a flexible"
    },
    {
        "name": "Volley Ball Coaching Classes",
        "category": "Sports Hobbies",
        "page_title": "Volley Ball Coaching Classes",
        "page_content": "Car rental services have revolutionized the way people travel, providing a flexible"
    },
    {
        "name": "Table Tennis Coaching Classes",
        "category": "Sports Hobbies",
        "page_title": "Table Tennis Coaching Classes",
        "page_content": "Car rental services have revolutionized the way people travel, providing a flexible"
    },
    {
        "name": "Internet Service Provider",
        "category": "Internet",
        "page_title": "Internet Service Provider",
        "page_content": "Car rental services have revolutionized the way people travel, providing a flexible"
    },
    {
        "name": "Cyber Cafes",
        "category": "Internet",
        "page_title": "Cyber Cafes",
        "page_content": "Car rental services have revolutionized the way people travel, providing a flexible"
    },
    {
        "name": "Afghani Restaurants",
        "category": "Restaurant",
        "page_title": "Afghani Restaurants",
        "page_content": "Car rental services have revolutionized the way people travel, providing a flexible"
    },
    {
        "name": "Chinese Restaurants",
        "category": "Restaurant",
        "page_title": "Chinese Restaurants",
        "page_content": "Car rental services have revolutionized the way people travel, providing a flexible"
    },
    {
        "name": "South Indian Restaurants",
        "category": "Restaurant",
        "page_title": "South Indian Restaurants",
        "page_content": "Car rental services have revolutionized the way people travel, providing a flexible"
    },
    {
        "name": "North Indian Restaurants",
        "category": "Restaurants",
        "page_title": "North Indian Restaurant",
        "page_content": "Car rental services have revolutionized the way people travel, providing a flexible"
    }
]